epoch,time,train/box_loss,train/cls_loss,train/dfl_loss,metrics/precision(B),metrics/recall(B),metrics/mAP50(B),metrics/mAP50-95(B),val/box_loss,val/cls_loss,val/dfl_loss,lr/pg0,lr/pg1,lr/pg2
1,5.30816,3.55267,7.41497,1.83051,0,0,0,0,3.42436,6.25569,1.50076,0.0015,0.0015,0.0015
2,10.4649,2.92315,5.73928,1.28739,0,0,0,0,2.93742,5.32763,1.17184,0.00307954,0.00307954,0.00307954
3,15.4521,2.66113,4.97774,1.10995,0.00082,0.01514,0.00048,6e-05,3.35898,5.21423,1.29594,0.00463796,0.00463796,0.00463796
4,20.2354,2.59863,4.10354,1.11269,0.00011,0.01596,0.00014,3e-05,2.41828,4.55236,1.06357,0.00617526,0.00617526,0.00617526
5,25.0172,2.45806,3.4631,1.06897,0.00306,0.09348,0.0385,0.01535,2.77867,4.26839,1.09719,0.00769144,0.00769144,0.00769144
6,29.8313,2.48245,3.22374,1.05661,0.00434,0.3159,0.08802,0.03096,2.81412,3.76116,1.11841,0.0091865,0.0091865,0.0091865
7,34.6352,2.33384,2.85041,1.04066,0.73975,0.09882,0.13172,0.04488,2.66652,3.26885,1.1553,0.009604,0.009604,0.009604
8,39.4695,2.2629,2.72244,1.02852,0.97116,0.07728,0.11014,0.04126,2.93256,4.03414,1.18792,0.009538,0.009538,0.009538
9,44.3701,2.14851,2.40801,1.01962,0.74691,0.0463,0.0413,0.00645,4.46095,6.71965,1.74136,0.009472,0.009472,0.009472
10,49.1578,2.15928,2.24078,1.01424,0.91663,0.0463,0.03433,0.0065,5.01006,4.69002,1.97728,0.009406,0.009406,0.009406
11,54.0517,2.1136,2.12971,0.99079,0.90192,0.10822,0.14732,0.05547,3.29015,4.51321,1.31672,0.00934,0.00934,0.00934
12,58.8696,2.09031,1.95364,0.99808,0.25359,0.04116,0.02512,0.00443,4.69348,3.83259,1.77434,0.009274,0.009274,0.009274
13,63.7014,2.05825,1.84433,0.98101,0.37067,0.3723,0.31637,0.12258,2.5033,3.0425,1.12677,0.009208,0.009208,0.009208
14,68.4973,2.07033,1.76683,0.98801,0.43728,0.3056,0.31998,0.12538,2.30695,2.61998,1.06515,0.009142,0.009142,0.009142
15,73.2841,2.03415,1.67739,0.98363,0.48021,0.48963,0.46441,0.19299,2.14017,2.08239,1.02096,0.009076,0.009076,0.009076
16,78.1684,1.89871,1.56042,0.9542,0.34391,0.24658,0.19187,0.05355,3.06698,3.74124,1.20209,0.00901,0.00901,0.00901
17,83.1151,1.96054,1.54753,0.95799,0.39868,0.38278,0.34442,0.11405,2.6208,3.09499,1.12461,0.008944,0.008944,0.008944
18,87.961,1.96305,1.54322,0.95437,0.5899,0.26955,0.30737,0.10229,2.66901,2.34136,1.12951,0.008878,0.008878,0.008878
19,92.812,1.90687,1.48652,0.9408,0.48869,0.40235,0.37199,0.11386,2.80998,1.99391,1.14644,0.008812,0.008812,0.008812
20,97.6708,1.87384,1.37631,0.96342,0.78506,0.57262,0.64156,0.27775,1.99542,1.50483,1.00551,0.008746,0.008746,0.008746
21,102.48,1.87703,1.38858,0.94929,0.67392,0.58368,0.63046,0.26453,2.06626,1.57242,1.00666,0.00868,0.00868,0.00868
22,107.318,1.83083,1.32203,0.95354,0.65948,0.10394,0.13053,0.03432,3.57396,4.18701,1.28815,0.008614,0.008614,0.008614
23,112.185,1.85473,1.33743,0.95094,0.76527,0.21973,0.26144,0.09365,3.0222,2.96628,1.19007,0.008548,0.008548,0.008548
24,117.003,1.79042,1.25698,0.93313,0.44151,0.34212,0.31621,0.13281,2.43836,2.77927,1.08057,0.008482,0.008482,0.008482
25,121.807,1.78449,1.25933,0.93993,0.72046,0.52704,0.59017,0.25659,2.08842,1.62519,1.00281,0.008416,0.008416,0.008416
26,126.66,1.84544,1.28106,0.93762,0.69499,0.53263,0.60919,0.25194,2.11315,1.68257,1.04005,0.00835,0.00835,0.00835
27,131.459,1.82763,1.25873,0.93375,0.86149,0.66624,0.77174,0.34479,1.89438,1.35501,0.97045,0.008284,0.008284,0.008284
28,136.281,1.78032,1.18607,0.9247,0.84101,0.60776,0.69969,0.29827,1.90926,1.3894,0.97226,0.008218,0.008218,0.008218
29,141.061,1.74456,1.1667,0.91804,0.73684,0.69823,0.74023,0.30925,2.00475,1.24955,0.97799,0.008152,0.008152,0.008152
30,145.828,1.71952,1.11003,0.91188,0.90174,0.68626,0.80062,0.37587,1.86597,1.1299,0.96477,0.008086,0.008086,0.008086
31,150.66,1.78299,1.15425,0.92951,0.80785,0.73463,0.80223,0.36888,1.85988,1.20825,0.96318,0.00802,0.00802,0.00802
32,155.54,1.71889,1.12341,0.91539,0.83723,0.6671,0.74073,0.34459,1.83175,1.24552,0.95697,0.007954,0.007954,0.007954
33,160.455,1.66762,1.06165,0.92014,0.76366,0.70928,0.76996,0.35708,1.85911,1.25376,0.95659,0.007888,0.007888,0.007888
34,165.215,1.76359,1.1287,0.92361,0.70756,0.60077,0.64271,0.29691,2.0108,1.5755,0.99187,0.007822,0.007822,0.007822
35,170.039,1.69183,1.06252,0.91199,0.69792,0.50144,0.54977,0.21099,2.35786,1.64982,1.03616,0.007756,0.007756,0.007756
36,174.844,1.69332,1.05258,0.90804,0.538,0.3778,0.34087,0.10076,2.912,2.31084,1.15857,0.00769,0.00769,0.00769
37,179.638,1.6888,1.05085,0.90295,0.75139,0.66023,0.69758,0.31403,1.8866,1.58988,0.9672,0.007624,0.007624,0.007624
38,184.423,1.67894,1.04639,0.90603,0.79384,0.7111,0.75111,0.32928,1.95634,1.22124,0.9634,0.007558,0.007558,0.007558
39,189.227,1.67231,1.01874,0.91357,0.85816,0.7148,0.80733,0.37491,1.80671,1.15864,0.9456,0.007492,0.007492,0.007492
40,194.087,1.6575,1.01883,0.89998,0.86785,0.76345,0.83313,0.38581,1.80167,1.01132,0.9429,0.007426,0.007426,0.007426
41,198.93,1.69454,1.02208,0.91513,0.89384,0.66805,0.7917,0.36465,1.8334,1.11879,0.95432,0.00736,0.00736,0.00736
42,203.75,1.64567,0.96736,0.89749,0.79616,0.65047,0.72103,0.33004,1.89417,1.39085,0.97041,0.007294,0.007294,0.007294
43,208.623,1.61311,0.97308,0.90249,0.8369,0.613,0.70896,0.33199,1.88519,1.32296,0.97331,0.007228,0.007228,0.007228
44,213.411,1.6535,0.97717,0.90922,0.78629,0.57507,0.6517,0.29788,1.90712,1.57228,0.97624,0.007162,0.007162,0.007162
45,218.164,1.62807,0.94999,0.90751,0.85186,0.69411,0.75318,0.35573,1.81222,1.21336,0.94915,0.007096,0.007096,0.007096
46,223.158,1.5906,0.92888,0.89789,0.92294,0.75147,0.83812,0.39589,1.85273,1.05368,0.95223,0.00703,0.00703,0.00703
47,227.983,1.57981,0.93066,0.88803,0.90483,0.73842,0.8374,0.41557,1.74855,1.05598,0.93664,0.006964,0.006964,0.006964
48,232.852,1.61306,0.95433,0.89094,0.84723,0.76683,0.83016,0.38634,1.8932,1.0459,0.95754,0.006898,0.006898,0.006898
49,237.676,1.51792,0.89279,0.88759,0.86933,0.74847,0.8163,0.39489,1.76791,1.04832,0.9438,0.006832,0.006832,0.006832
50,242.453,1.56825,0.90738,0.89012,0.90645,0.7635,0.82913,0.38352,1.77105,1.04129,0.94096,0.006766,0.006766,0.006766
51,247.257,1.62575,0.9348,0.89723,0.89487,0.68375,0.7688,0.36233,1.84937,1.19832,0.96352,0.0067,0.0067,0.0067
52,252.165,1.54234,0.90997,0.90161,0.90535,0.75361,0.82549,0.38318,1.77374,1.02193,0.94932,0.006634,0.006634,0.006634
53,256.912,1.60356,0.93176,0.89508,0.91201,0.78942,0.86032,0.40652,1.77071,0.98392,0.94679,0.006568,0.006568,0.006568
54,261.651,1.55935,0.91182,0.89055,0.9143,0.78844,0.85436,0.40225,1.77612,0.96819,0.94319,0.006502,0.006502,0.006502
55,266.42,1.55337,0.88303,0.88371,0.91694,0.68547,0.79188,0.36382,1.86739,1.11533,0.96157,0.006436,0.006436,0.006436
56,271.209,1.58215,0.90502,0.89028,0.77418,0.72587,0.7869,0.35106,1.9906,1.13842,0.97511,0.00637,0.00637,0.00637
57,275.972,1.55564,0.89771,0.88815,0.79311,0.67299,0.7313,0.28084,2.2026,1.23649,1.00576,0.006304,0.006304,0.006304
58,280.742,1.52105,0.86189,0.88481,0.80992,0.72094,0.78114,0.33098,1.97685,1.19261,0.96873,0.006238,0.006238,0.006238
59,285.561,1.53027,0.88818,0.88355,0.7336,0.57105,0.62436,0.28981,1.89894,1.4957,0.97055,0.006172,0.006172,0.006172
60,290.423,1.53235,0.87341,0.88995,0.88479,0.7722,0.83274,0.40353,1.77898,0.99639,0.94279,0.006106,0.006106,0.006106
61,295.278,1.57364,0.88668,0.88212,0.86514,0.8079,0.86465,0.41051,1.78589,0.99095,0.94356,0.00604,0.00604,0.00604
62,300.128,1.4886,0.84742,0.87987,0.88499,0.77817,0.83241,0.39127,1.81671,0.98436,0.95093,0.005974,0.005974,0.005974
63,305.016,1.5003,0.85341,0.88607,0.9327,0.78284,0.86419,0.40934,1.76951,0.93413,0.93705,0.005908,0.005908,0.005908
64,309.845,1.53168,0.85287,0.8856,0.88298,0.73918,0.83778,0.41504,1.76701,0.98317,0.94175,0.005842,0.005842,0.005842
65,314.733,1.51845,0.84391,0.87837,0.91784,0.7673,0.84519,0.406,1.8904,1.0033,0.94929,0.005776,0.005776,0.005776
66,319.514,1.45725,0.81173,0.87183,0.92122,0.80107,0.87702,0.42213,1.80381,0.90845,0.93984,0.00571,0.00571,0.00571
67,324.337,1.46753,0.82514,0.87708,0.91489,0.85111,0.89242,0.44232,1.6937,0.85467,0.92603,0.005644,0.005644,0.005644
68,329.07,1.46826,0.79994,0.87712,0.93738,0.81159,0.89793,0.44011,1.77758,0.94403,0.93466,0.005578,0.005578,0.005578
69,333.84,1.44477,0.81036,0.86904,0.91904,0.84238,0.9004,0.44815,1.74642,0.84001,0.93296,0.005512,0.005512,0.005512
70,338.697,1.47862,0.80236,0.8739,0.91528,0.78574,0.85953,0.38446,1.91125,0.93078,0.95675,0.005446,0.005446,0.005446
71,343.505,1.474,0.8192,0.87528,0.86025,0.70186,0.78313,0.32659,2.05564,1.11025,0.97177,0.00538,0.00538,0.00538
72,348.411,1.41495,0.77619,0.86983,0.89268,0.80924,0.86977,0.37786,1.9578,0.92265,0.95348,0.005314,0.005314,0.005314
73,353.201,1.42095,0.78604,0.87027,0.93752,0.80792,0.88948,0.41137,1.86319,0.86798,0.94995,0.005248,0.005248,0.005248
74,358.007,1.41544,0.78828,0.86787,0.91406,0.83122,0.88642,0.44622,1.7414,0.8344,0.93539,0.005182,0.005182,0.005182
75,362.849,1.41345,0.78525,0.87193,0.91386,0.81266,0.88599,0.43634,1.75492,0.88005,0.93173,0.005116,0.005116,0.005116
76,367.8,1.37965,0.75557,0.86052,0.8719,0.81446,0.87492,0.43088,1.74585,0.88402,0.93469,0.00505,0.00505,0.00505
77,372.615,1.41487,0.76699,0.86932,0.9117,0.8151,0.88099,0.4369,1.71309,0.87054,0.92553,0.004984,0.004984,0.004984
78,377.578,1.42369,0.77653,0.8633,0.9352,0.80349,0.86976,0.40633,1.81912,0.89263,0.94465,0.004918,0.004918,0.004918
79,382.488,1.44802,0.80586,0.86943,0.94017,0.84411,0.89887,0.43132,1.75036,0.85633,0.93212,0.004852,0.004852,0.004852
80,387.322,1.43496,0.78677,0.86754,0.91308,0.83539,0.90092,0.44696,1.66612,0.83076,0.92013,0.004786,0.004786,0.004786
81,392.17,1.39828,0.76979,0.86192,0.9149,0.78208,0.85409,0.41115,1.73958,0.9299,0.93456,0.00472,0.00472,0.00472
82,396.984,1.3899,0.74496,0.86266,0.93217,0.84942,0.90218,0.43819,1.75006,0.83901,0.92892,0.004654,0.004654,0.004654
83,401.851,1.39169,0.76551,0.85551,0.91607,0.81398,0.861,0.42489,1.74861,0.87998,0.92983,0.004588,0.004588,0.004588
84,406.613,1.35065,0.72187,0.8564,0.91505,0.84206,0.88207,0.43266,1.77818,0.82571,0.93957,0.004522,0.004522,0.004522
85,411.385,1.38805,0.74058,0.86456,0.9233,0.8564,0.89808,0.43566,1.75265,0.80967,0.93488,0.004456,0.004456,0.004456
86,416.191,1.37216,0.7327,0.85665,0.9223,0.84994,0.90154,0.43925,1.77585,0.83651,0.93765,0.00439,0.00439,0.00439
87,420.935,1.38033,0.76019,0.87044,0.94366,0.85984,0.90658,0.45181,1.71701,0.78803,0.92454,0.004324,0.004324,0.004324
88,425.801,1.37911,0.75167,0.85704,0.9456,0.82578,0.89506,0.44663,1.68389,0.82576,0.92668,0.004258,0.004258,0.004258
89,430.678,1.35156,0.72955,0.85856,0.93415,0.81199,0.89348,0.43262,1.74733,0.86973,0.9302,0.004192,0.004192,0.004192
90,435.494,1.31921,0.72044,0.85546,0.94477,0.82539,0.88599,0.43932,1.70901,0.83748,0.92865,0.004126,0.004126,0.004126
91,440.284,1.35294,0.73101,0.86031,0.86337,0.80426,0.85604,0.41807,1.70445,0.94994,0.92993,0.00406,0.00406,0.00406
92,445.108,1.36082,0.73686,0.86231,0.9188,0.87144,0.9099,0.44368,1.6992,0.84324,0.92463,0.003994,0.003994,0.003994
93,449.861,1.31706,0.71259,0.86038,0.91588,0.88217,0.91904,0.45061,1.71977,0.79862,0.92348,0.003928,0.003928,0.003928
94,454.794,1.32152,0.7107,0.85802,0.90882,0.87462,0.92321,0.46216,1.74788,0.79199,0.93205,0.003862,0.003862,0.003862
95,459.593,1.3142,0.69527,0.85883,0.93839,0.83053,0.90336,0.44031,1.74569,0.83355,0.92866,0.003796,0.003796,0.003796
96,464.354,1.31577,0.68276,0.85606,0.92177,0.8464,0.89375,0.44678,1.68299,0.85019,0.92408,0.00373,0.00373,0.00373
97,469.217,1.29386,0.69845,0.85309,0.9417,0.85092,0.91349,0.46293,1.67332,0.81142,0.92154,0.003664,0.003664,0.003664
98,474.112,1.26903,0.67078,0.85291,0.96202,0.84855,0.91368,0.4551,1.69254,0.80353,0.92538,0.003598,0.003598,0.003598
99,478.823,1.29597,0.69109,0.84889,0.91116,0.87623,0.91568,0.44327,1.72686,0.79894,0.92866,0.003532,0.003532,0.003532
100,483.526,1.30711,0.70816,0.85007,0.94401,0.88357,0.9297,0.45855,1.69924,0.7717,0.92154,0.003466,0.003466,0.003466
101,488.254,1.26541,0.67283,0.8499,0.93449,0.88704,0.92439,0.4531,1.74764,0.78244,0.92653,0.0034,0.0034,0.0034
102,493.008,1.26435,0.68028,0.85097,0.96322,0.87874,0.93182,0.47021,1.69595,0.75192,0.92474,0.003334,0.003334,0.003334
103,497.738,1.27444,0.68232,0.85202,0.94657,0.88874,0.92369,0.46337,1.67746,0.7685,0.92232,0.003268,0.003268,0.003268
104,502.532,1.29001,0.68137,0.84892,0.97127,0.86748,0.92526,0.46844,1.69815,0.76988,0.92919,0.003202,0.003202,0.003202
105,507.296,1.29649,0.69567,0.84569,0.90715,0.86657,0.91497,0.45407,1.69548,0.78747,0.92651,0.003136,0.003136,0.003136
106,512.06,1.29464,0.73393,0.84902,0.94361,0.87699,0.91905,0.45057,1.72133,0.77319,0.93506,0.00307,0.00307,0.00307
107,516.811,1.2534,0.68704,0.84803,0.9494,0.86264,0.90865,0.46287,1.71218,0.77535,0.93172,0.003004,0.003004,0.003004
108,521.551,1.23619,0.65535,0.84767,0.94831,0.86285,0.91762,0.46344,1.73665,0.77773,0.92639,0.002938,0.002938,0.002938
109,526.305,1.25201,0.66206,0.84735,0.96561,0.85685,0.92317,0.47059,1.66677,0.75373,0.91694,0.002872,0.002872,0.002872
110,531.111,1.27916,0.6881,0.84724,0.93435,0.8693,0.91455,0.4583,1.70911,0.77641,0.92599,0.002806,0.002806,0.002806
111,535.938,1.25585,0.66202,0.84646,0.95077,0.83154,0.91579,0.46462,1.69499,0.75724,0.92592,0.00274,0.00274,0.00274
112,540.736,1.20989,0.64048,0.84482,0.95912,0.89057,0.93408,0.47348,1.64385,0.73337,0.92018,0.002674,0.002674,0.002674
113,545.594,1.24943,0.66958,0.84237,0.95605,0.88088,0.92799,0.46812,1.7018,0.75133,0.92385,0.002608,0.002608,0.002608
114,550.353,1.22286,0.65848,0.84518,0.95221,0.89608,0.93097,0.47326,1.70755,0.73795,0.9241,0.002542,0.002542,0.002542
115,555.1,1.21201,0.66153,0.83722,0.96859,0.87181,0.93583,0.48153,1.67446,0.73207,0.92134,0.002476,0.002476,0.002476
116,560.078,1.18042,0.62447,0.83489,0.9513,0.8798,0.93145,0.47764,1.67674,0.74355,0.92008,0.00241,0.00241,0.00241
117,564.891,1.17765,0.62427,0.84008,0.94812,0.87941,0.92,0.46381,1.73639,0.74832,0.93185,0.002344,0.002344,0.002344
118,569.656,1.20506,0.6411,0.83722,0.94668,0.87553,0.92126,0.46852,1.69288,0.72969,0.92522,0.002278,0.002278,0.002278
119,574.704,1.18833,0.64514,0.84403,0.95275,0.86942,0.92597,0.45616,1.74249,0.74201,0.93016,0.002212,0.002212,0.002212
120,579.641,1.17362,0.62483,0.83501,0.95351,0.89101,0.92646,0.46922,1.66848,0.73433,0.91782,0.002146,0.002146,0.002146
121,584.498,1.19734,0.62922,0.84001,0.95458,0.8804,0.92205,0.46758,1.6937,0.7436,0.91755,0.00208,0.00208,0.00208
122,589.371,1.16018,0.61591,0.83791,0.96735,0.88471,0.9322,0.47289,1.67658,0.73152,0.91454,0.002014,0.002014,0.002014
123,594.124,1.16259,0.62738,0.83095,0.94731,0.89932,0.93153,0.47187,1.64879,0.71301,0.91491,0.001948,0.001948,0.001948
124,598.9,1.16219,0.61927,0.83105,0.95693,0.90432,0.93941,0.47486,1.65451,0.71104,0.91812,0.001882,0.001882,0.001882
125,603.702,1.19181,0.62127,0.84129,0.95863,0.90523,0.94078,0.47616,1.68865,0.70773,0.91834,0.001816,0.001816,0.001816
126,608.528,1.13792,0.59463,0.82979,0.96006,0.89992,0.93574,0.48038,1.69027,0.71255,0.91974,0.00175,0.00175,0.00175
127,613.444,1.18191,0.62077,0.83858,0.95235,0.86599,0.928,0.46638,1.7023,0.7297,0.92041,0.001684,0.001684,0.001684
128,618.298,1.13557,0.61175,0.82646,0.9264,0.85194,0.905,0.45907,1.71851,0.76365,0.92155,0.001618,0.001618,0.001618
129,623.092,1.16881,0.62998,0.83929,0.93158,0.88269,0.92877,0.47333,1.69494,0.7335,0.9183,0.001552,0.001552,0.001552
130,627.869,1.13585,0.60118,0.83314,0.95717,0.88372,0.9371,0.48397,1.67013,0.73329,0.91629,0.001486,0.001486,0.001486
131,632.716,1.13818,0.59764,0.82885,0.93852,0.89031,0.93146,0.47814,1.68808,0.72999,0.91756,0.00142,0.00142,0.00142
132,637.547,1.12729,0.59271,0.82919,0.94423,0.89051,0.93257,0.47498,1.70464,0.73394,0.92188,0.001354,0.001354,0.001354
133,642.286,1.11465,0.60394,0.83531,0.96071,0.88112,0.93056,0.47366,1.67379,0.72224,0.91941,0.001288,0.001288,0.001288
134,647.114,1.16076,0.64716,0.83632,0.9383,0.904,0.932,0.47886,1.66458,0.71394,0.91825,0.001222,0.001222,0.001222
135,651.908,1.12836,0.60035,0.82495,0.94515,0.90238,0.93764,0.48088,1.6815,0.72127,0.91404,0.001156,0.001156,0.001156
136,656.704,1.11691,0.59106,0.82933,0.94712,0.89595,0.93674,0.48131,1.67001,0.71493,0.91607,0.00109,0.00109,0.00109
137,661.529,1.10157,0.59177,0.83263,0.95869,0.87849,0.93264,0.476,1.67234,0.70651,0.91583,0.001024,0.001024,0.001024
138,666.323,1.09392,0.58273,0.83276,0.94545,0.88099,0.9289,0.4686,1.71411,0.71809,0.92038,0.000958,0.000958,0.000958
139,671.33,1.09996,0.59237,0.82401,0.93171,0.89112,0.92984,0.46736,1.71768,0.70801,0.92117,0.000892,0.000892,0.000892
140,676.261,1.09826,0.59629,0.83007,0.94825,0.88532,0.93056,0.46646,1.71758,0.7164,0.9234,0.000826,0.000826,0.000826
141,693.663,1.24861,0.71549,0.8533,0.95611,0.87378,0.92789,0.45987,1.75065,0.7322,0.92913,0.00076,0.00076,0.00076
142,698.579,1.22712,0.6376,0.85096,0.94522,0.89446,0.93099,0.46477,1.73876,0.72904,0.9276,0.000694,0.000694,0.000694
143,703.325,1.1955,0.63633,0.84737,0.93786,0.90937,0.93169,0.47451,1.71776,0.71303,0.92626,0.000628,0.000628,0.000628
144,708.158,1.16485,0.62485,0.84371,0.94336,0.91595,0.93285,0.47985,1.68424,0.70437,0.92031,0.000562,0.000562,0.000562
145,712.921,1.17149,0.69091,0.8492,0.94883,0.91259,0.93562,0.48194,1.68004,0.69513,0.9206,0.000496,0.000496,0.000496
146,717.689,1.11971,0.59646,0.84362,0.94503,0.91457,0.93596,0.4732,1.68905,0.70248,0.9214,0.00043,0.00043,0.00043
147,722.412,1.14143,0.60378,0.83635,0.94561,0.91077,0.93547,0.47416,1.68853,0.69945,0.91987,0.000364,0.000364,0.000364
148,727.217,1.14554,0.59224,0.84015,0.95742,0.9064,0.93903,0.47606,1.67825,0.70011,0.91798,0.000298,0.000298,0.000298
149,732.047,1.1153,0.58978,0.83794,0.94832,0.90462,0.93482,0.47762,1.68524,0.69305,0.9173,0.000232,0.000232,0.000232
150,736.885,1.11125,0.57968,0.83231,0.94643,0.9131,0.93874,0.48022,1.67998,0.68697,0.9157,0.000166,0.000166,0.000166
